{"providers":[{"type":"bitmap","file":"nova:gui/empty.png","height":135,"ascent":10,"chars":[""]},{"type":"bitmap","file":"nova:gui/search.png","height":70,"ascent":10,"chars":[""]},{"type":"bitmap","file":"nova:gui/items/0.png","height":135,"ascent":10,"chars":[""]},{"type":"bitmap","file":"nova:gui/items/1.png","height":135,"ascent":10,"chars":[""]},{"type":"bitmap","file":"nova:gui/items/2.png","height":135,"ascent":10,"chars":[""]},{"type":"bitmap","file":"nova:gui/items/3.png","height":135,"ascent":10,"chars":[""]},{"type":"bitmap","file":"nova:gui/items/4.png","height":135,"ascent":10,"chars":[""]},{"type":"bitmap","file":"nova:gui/recipe/crafting.png","height":135,"ascent":10,"chars":[""]},{"type":"bitmap","file":"nova:gui/recipe/furnace.png","height":135,"ascent":10,"chars":[""]},{"type":"bitmap","file":"nova:gui/recipe/smithing.png","height":135,"ascent":10,"chars":[""]},{"type":"bitmap","file":"nova:gui/recipe/conversion.png","height":135,"ascent":10,"chars":[""]},{"type":"bitmap","file":"nova:gui/color_picker.png","height":75,"ascent":10,"chars":[""]},{"type":"bitmap","file":"machines:gui/configure_potion.png","height":135,"ascent":10,"chars":[""]},{"type":"bitmap","file":"machines:gui/electric_brewing_stand.png","height":135,"ascent":10,"chars":[""]},{"type":"bitmap","file":"machines:gui/auto_crafter/recipe.png","height":113,"ascent":10,"chars":[""]},{"type":"bitmap","file":"machines:gui/auto_crafter/inventory.png","height":113,"ascent":10,"chars":[""]},{"type":"bitmap","file":"machines:gui/recipe/pulverizer.png","height":135,"ascent":10,"chars":[""]},{"type":"bitmap","file":"machines:gui/recipe/press.png","height":135,"ascent":10,"chars":[""]},{"type":"bitmap","file":"machines:gui/recipe/fluid_infuser.png","height":135,"ascent":10,"chars":[""]},{"type":"bitmap","file":"machines:gui/recipe/freezer.png","height":135,"ascent":10,"chars":[""]},{"type":"bitmap","file":"machines:gui/recipe/star_collector.png","height":135,"ascent":10,"chars":[""]},{"type":"bitmap","file":"machines:gui/recipe/cobblestone_generator.png","height":135,"ascent":10,"chars":[""]},{"type":"bitmap","file":"machines:gui/recipe/electric_brewing_stand.png","height":135,"ascent":10,"chars":[""]}]}