{"parent":"nova:block/base","textures":{"0":"machines:block/cobblestone_generator_front","3":"machines:block/machine_top","4":"machines:block/machine_side","5":"block/glass"},"elements":[{"from":[7.75,1.0,1.0],"to":[8.25,15.0,15.0],"faces":{"north":{"uv":[8.0,1.0,8.5,15.0],"texture":"#4"},"east":{"uv":[1.0,1.0,15.0,15.0],"texture":"#4"},"west":{"uv":[2.0,1.0,15.0,15.0],"texture":"#4"}}},{"from":[0.0,1.0,0.0],"to":[16.0,2.0,1.0],"faces":{"north":{"uv":[0.0,14.0,16.0,15.0],"texture":"#0"},"east":{"uv":[0.0,14.0,1.0,16.0],"texture":"#0"},"south":{"uv":[0.0,14.0,16.0,15.0],"texture":"#0"},"west":{"uv":[15.0,14.0,16.0,16.0],"texture":"#0"},"up":{"uv":[0.0,14.0,16.0,15.0],"texture":"#0"},"down":{"uv":[0.0,15.0,16.0,16.0],"texture":"#0"}}},{"from":[0.0,13.0,0.0],"to":[3.0,15.0,1.0],"faces":{"north":{"uv":[13.0,1.0,16.0,3.0],"texture":"#0"},"east":{"uv":[13.0,1.0,14.0,3.0],"texture":"#0"},"south":{"uv":[13.0,1.0,16.0,3.0],"texture":"#0","rotation":180},"west":{"uv":[15.0,1.0,16.0,3.0],"texture":"#0"},"down":{"uv":[13.0,2.0,16.0,3.0],"texture":"#0"}}},{"from":[13.0,13.0,0.0],"to":[16.0,15.0,1.0],"faces":{"north":{"uv":[0.0,1.0,3.0,3.0],"texture":"#0"},"east":{"uv":[0.0,1.0,1.0,3.0],"texture":"#0"},"south":{"uv":[0.0,1.0,3.0,3.0],"texture":"#0"},"west":{"uv":[2.0,1.0,3.0,3.0],"texture":"#0"},"down":{"uv":[0.0,2.0,3.0,3.0],"texture":"#0"}}},{"from":[0.0,2.0,0.0],"to":[3.0,5.0,1.0],"faces":{"north":{"uv":[13.0,11.0,16.0,14.0],"texture":"#0"},"east":{"uv":[13.0,11.0,14.0,14.0],"texture":"#0"},"south":{"uv":[0.0,11.0,3.0,14.0],"texture":"#0"},"west":{"uv":[15.0,11.0,16.0,14.0],"texture":"#0"},"up":{"uv":[13.0,11.0,16.0,12.0],"texture":"#0"}}},{"from":[13.0,2.0,0.0],"to":[16.0,5.0,1.0],"faces":{"north":{"uv":[0.0,12.0,3.0,15.0],"texture":"#0"},"east":{"uv":[0.0,12.0,1.0,15.0],"texture":"#0"},"south":{"uv":[0.0,12.0,3.0,15.0],"texture":"#0","rotation":180},"west":{"uv":[2.0,12.0,3.0,15.0],"texture":"#0"},"up":{"uv":[0.0,12.0,3.0,13.0],"texture":"#0"}}},{"from":[0.0,5.0,0.0],"to":[2.0,13.0,1.0],"faces":{"north":{"uv":[14.0,3.0,16.0,11.0],"texture":"#0"},"east":{"uv":[14.0,3.0,15.0,11.0],"texture":"#0"},"south":{"uv":[14.0,3.0,16.0,11.0],"texture":"#0","rotation":180},"west":{"uv":[15.0,3.0,16.0,11.0],"texture":"#0"}}},{"from":[14.0,5.0,0.0],"to":[16.0,13.0,1.0],"faces":{"north":{"uv":[0.0,3.0,2.0,11.0],"texture":"#0"},"east":{"uv":[0.0,3.0,1.0,11.0],"texture":"#0"},"south":{"uv":[0.0,3.0,2.0,11.0],"texture":"#0","rotation":180},"west":{"uv":[1.0,3.0,2.0,11.0],"texture":"#0"}}},{"from":[3.0,14.0,0.0],"to":[13.0,15.0,1.0],"faces":{"north":{"uv":[3.0,1.0,13.0,2.0],"texture":"#0"},"south":{"uv":[3.0,1.0,13.0,2.0],"texture":"#0"},"down":{"uv":[3.0,1.0,13.0,2.0],"texture":"#0"}}},{"from":[5.0,13.0,0.0],"to":[11.0,14.0,1.0],"faces":{"north":{"uv":[5.0,2.0,11.0,3.0],"texture":"#0"},"east":{"uv":[5.0,2.0,6.0,3.0],"texture":"#0"},"south":{"uv":[5.0,2.0,11.0,3.0],"texture":"#0"},"west":{"uv":[10.0,2.0,11.0,3.0],"texture":"#0"},"down":{"uv":[5.0,2.0,11.0,3.0],"texture":"#0"}}},{"from":[5.0,4.0,0.0],"to":[11.0,5.0,1.0],"faces":{"north":{"uv":[5.0,11.0,11.0,12.0],"texture":"#0"},"east":{"uv":[10.0,11.0,11.0,12.0],"texture":"#0"},"south":{"uv":[5.0,11.0,11.0,12.0],"texture":"#0"},"west":{"uv":[10.0,11.0,11.0,12.0],"texture":"#0"},"up":{"uv":[5.0,11.0,11.0,12.0],"texture":"#0"},"down":{"uv":[5.0,11.0,11.0,12.0],"texture":"#0"}}},{"from":[6.0,5.0,0.0],"to":[10.0,13.0,1.0],"faces":{"north":{"uv":[6.0,3.0,10.0,11.0],"texture":"#0"},"east":{"uv":[6.0,3.0,7.0,11.0],"texture":"#0"},"south":{"uv":[6.0,3.0,10.0,11.0],"texture":"#0"},"west":{"uv":[9.0,3.0,10.0,11.0],"texture":"#0"}}},{"from":[0.0,1.0,15.0],"to":[16.0,15.0,16.0],"faces":{"north":{"uv":[0.0,1.0,16.0,15.0],"texture":"#4"},"east":{"uv":[0.0,1.0,1.0,15.0],"texture":"#4"},"south":{"uv":[0.0,1.0,16.0,15.0],"texture":"#4"},"west":{"uv":[15.0,1.0,16.0,15.0],"texture":"#4"}}},{"from":[0.0,15.0,0.0],"to":[16.0,16.0,16.0],"faces":{"north":{"uv":[0.0,15.0,16.0,16.0],"texture":"#3"},"east":{"uv":[0.0,0.0,1.0,16.0],"texture":"#3","rotation":90},"south":{"uv":[0.0,0.0,16.0,1.0],"texture":"#3"},"west":{"uv":[15.0,0.0,16.0,16.0],"texture":"#3","rotation":90},"up":{"uv":[0.0,0.0,16.0,16.0],"texture":"#3"},"down":{"uv":[0.0,0.0,16.0,16.0],"texture":"#3"}}},{"from":[0.0,0.0,0.0],"to":[16.0,1.0,16.0],"faces":{"north":{"uv":[0.0,15.0,16.0,16.0],"texture":"#3"},"east":{"uv":[0.0,0.0,1.0,16.0],"texture":"#3","rotation":90},"south":{"uv":[0.0,0.0,16.0,1.0],"texture":"#3"},"west":{"uv":[15.0,0.0,16.0,16.0],"texture":"#3","rotation":90},"up":{"uv":[0.0,0.0,16.0,16.0],"texture":"#3"},"down":{"uv":[0.0,0.0,16.0,16.0],"texture":"#3"}}},{"from":[0.0,1.0,1.0],"to":[1.0,15.0,15.0],"faces":{"east":{"uv":[1.0,1.0,15.0,15.0],"texture":"#5"},"west":{"uv":[1.0,1.0,15.0,15.0],"texture":"#5"}}},{"from":[15.0,1.0,1.0],"to":[16.0,15.0,15.0],"faces":{"east":{"uv":[1.0,1.0,15.0,15.0],"texture":"#5"},"west":{"uv":[1.0,1.0,15.0,15.0],"texture":"#5"}}},{"from":[10.5,9.55,0.25],"to":[13.5,12.55,0.25],"faces":{"north":{"uv":[2.0,2.0,5.0,5.0],"texture":"#5"}}},{"from":[2.75,5.55,0.25],"to":[4.75,7.55,0.25],"faces":{"north":{"uv":[12.0,12.0,14.0,14.0],"texture":"#5"}}}]}