{"parent":"nova:block/base","textures":{"2":"machines:block/machine_top","3":"block/glass","4":"machines:block/crystallizer","particle":"block/glass"},"elements":[{"from":[7.5,14.75,1.0],"to":[8.5,15.75,3.0],"rotation":{"angle":45.0,"axis":"x","origin":[8.0,16.0,1.0]},"faces":{"east":{"uv":[11.0,13.0,12.0,15.0],"texture":"#4","rotation":90},"south":{"uv":[11.0,15.0,12.0,16.0],"texture":"#4","rotation":90},"west":{"uv":[11.0,13.0,12.0,15.0],"texture":"#4","rotation":270},"up":{"uv":[11.0,13.0,12.0,15.0],"texture":"#4"},"down":{"uv":[11.0,13.0,12.0,15.0],"texture":"#4","rotation":180}}},{"from":[13.0,14.75,7.5],"to":[15.0,15.75,8.5],"rotation":{"angle":45.0,"axis":"z","origin":[15.0,16.0,8.0]},"faces":{"north":{"uv":[9.0,13.0,10.0,15.0],"texture":"#4","rotation":270},"south":{"uv":[9.0,13.0,10.0,15.0],"texture":"#4","rotation":90},"west":{"uv":[9.0,15.0,10.0,16.0],"texture":"#4"},"up":{"uv":[9.0,13.0,10.0,15.0],"texture":"#4","rotation":90},"down":{"uv":[9.0,13.0,10.0,15.0],"texture":"#4","rotation":90}}},{"from":[7.5,14.75,13.0],"to":[8.5,15.75,15.0],"rotation":{"angle":-45.0,"axis":"x","origin":[8.0,16.0,15.0]},"faces":{"north":{"uv":[15.0,15.0,16.0,16.0],"texture":"#4"},"east":{"uv":[15.0,13.0,16.0,15.0],"texture":"#4","rotation":270},"west":{"uv":[15.0,13.0,16.0,15.0],"texture":"#4","rotation":90},"up":{"uv":[15.0,13.0,16.0,15.0],"texture":"#4","rotation":180},"down":{"uv":[15.0,13.0,16.0,15.0],"texture":"#4"}}},{"from":[1.0,14.75,7.5],"to":[3.0,15.75,8.5],"rotation":{"angle":-45.0,"axis":"z","origin":[1.0,16.0,8.0]},"faces":{"north":{"uv":[13.0,13.0,14.0,15.0],"texture":"#4","rotation":90},"east":{"uv":[13.0,15.0,14.0,16.0],"texture":"#4"},"south":{"uv":[13.0,13.0,14.0,15.0],"texture":"#4","rotation":90},"up":{"uv":[13.0,13.0,14.0,15.0],"texture":"#4","rotation":270},"down":{"uv":[13.0,13.0,14.0,15.0],"texture":"#4","rotation":270}}},{"from":[0.0,15.0,0.0],"to":[1.0,16.0,16.0],"faces":{"north":{"uv":[0.0,0.0,1.0,1.0],"texture":"#2"},"east":{"uv":[0.0,0.0,1.0,16.0],"texture":"#2","rotation":90},"south":{"uv":[0.0,0.0,1.0,1.0],"texture":"#2"},"west":{"uv":[0.0,0.0,1.0,16.0],"texture":"#2","rotation":90},"up":{"uv":[0.0,0.0,1.0,16.0],"texture":"#2"},"down":{"uv":[0.0,0.0,1.0,16.0],"texture":"#2"}}},{"from":[1.0,15.0,15.0],"to":[15.0,16.0,16.0],"faces":{"north":{"uv":[1.0,0.0,15.0,1.0],"texture":"#2"},"south":{"uv":[1.0,0.0,15.0,1.0],"texture":"#2"},"up":{"uv":[1.0,0.0,15.0,1.0],"texture":"#2"},"down":{"uv":[1.0,0.0,15.0,1.0],"texture":"#2"}}},{"from":[1.0,15.0,0.0],"to":[15.0,16.0,1.0],"faces":{"north":{"uv":[1.0,15.0,15.0,16.0],"texture":"#2"},"south":{"uv":[1.0,15.0,15.0,16.0],"texture":"#2"},"up":{"uv":[1.0,15.0,15.0,16.0],"texture":"#2"},"down":{"uv":[1.0,15.0,15.0,16.0],"texture":"#2"}}},{"from":[15.0,15.0,0.0],"to":[16.0,16.0,16.0],"faces":{"north":{"uv":[0.0,0.0,1.0,1.0],"texture":"#2"},"east":{"uv":[0.0,0.0,1.0,16.0],"texture":"#2","rotation":90},"south":{"uv":[0.0,0.0,1.0,1.0],"texture":"#2"},"west":{"uv":[0.0,0.0,1.0,16.0],"texture":"#2","rotation":90},"up":{"uv":[0.0,0.0,1.0,16.0],"texture":"#2"},"down":{"uv":[0.0,0.0,1.0,16.0],"texture":"#2"}}},{"from":[0.0,5.0,0.0],"to":[1.0,15.0,1.0],"faces":{"north":{"uv":[0.0,1.0,1.0,11.0],"texture":"#2"},"east":{"uv":[15.0,1.0,16.0,11.0],"texture":"#2"},"south":{"uv":[0.0,1.0,1.0,11.0],"texture":"#2"},"west":{"uv":[15.0,1.0,16.0,11.0],"texture":"#2","rotation":180}}},{"from":[15.0,5.0,0.0],"to":[16.0,15.0,1.0],"faces":{"north":{"uv":[0.0,1.0,1.0,11.0],"texture":"#2"},"east":{"uv":[15.0,1.0,16.0,11.0],"texture":"#2"},"south":{"uv":[0.0,1.0,1.0,11.0],"texture":"#2"},"west":{"uv":[15.0,1.0,16.0,11.0],"texture":"#2"}}},{"from":[15.0,5.0,15.0],"to":[16.0,15.0,16.0],"faces":{"north":{"uv":[0.0,1.0,1.0,11.0],"texture":"#2"},"east":{"uv":[0.0,1.0,1.0,11.0],"texture":"#2","rotation":180},"south":{"uv":[0.0,1.0,1.0,11.0],"texture":"#2"},"west":{"uv":[15.0,1.0,16.0,11.0],"texture":"#2"}}},{"from":[0.0,5.0,15.0],"to":[1.0,15.0,16.0],"faces":{"north":{"uv":[0.0,1.0,1.0,11.0],"texture":"#2"},"east":{"uv":[15.0,1.0,16.0,11.0],"texture":"#2"},"south":{"uv":[0.0,1.0,1.0,11.0],"texture":"#2"},"west":{"uv":[15.0,1.0,16.0,11.0],"texture":"#2"}}},{"from":[1.0,15.0,1.0],"to":[15.0,16.0,15.0],"rotation":{"angle":0.0,"axis":"y","origin":[8.0,8.0,8.0]},"faces":{"up":{"uv":[1.0,1.0,15.0,15.0],"texture":"#3","rotation":180}}},{"from":[0.0,0.0,0.0],"to":[16.0,5.0,16.0],"faces":{"north":{"uv":[0.0,0.0,16.0,5.0],"texture":"#4"},"east":{"uv":[0.0,0.0,16.0,5.0],"texture":"#4"},"south":{"uv":[0.0,0.0,16.0,5.0],"texture":"#4"},"west":{"uv":[0.0,0.0,16.0,5.0],"texture":"#4"},"up":{"uv":[0.0,0.0,16.0,16.0],"texture":"#2"},"down":{"uv":[0.0,0.0,16.0,16.0],"texture":"#2"}}},{"from":[1.0,5.0,0.0],"to":[15.0,15.0,1.0],"rotation":{"angle":0.0,"axis":"y","origin":[8.0,8.0,8.0]},"faces":{"north":{"uv":[1.0,1.0,15.0,11.0],"texture":"#3"}}},{"from":[15.0,5.0,1.0],"to":[16.0,15.0,15.0],"rotation":{"angle":0.0,"axis":"y","origin":[8.0,8.0,8.0]},"faces":{"east":{"uv":[1.0,1.0,15.0,11.0],"texture":"#3"}}},{"from":[1.0,5.0,15.0],"to":[15.0,15.0,16.0],"rotation":{"angle":0.0,"axis":"y","origin":[8.0,8.0,8.0]},"faces":{"south":{"uv":[1.0,1.0,15.0,11.0],"texture":"#3"}}},{"from":[0.0,5.0,1.0],"to":[1.0,15.0,15.0],"rotation":{"angle":0.0,"axis":"y","origin":[8.0,8.0,8.0]},"faces":{"west":{"uv":[1.0,1.0,15.0,11.0],"texture":"#3"}}}]}