{"parent":"nova:block/base","textures":{"0":"machines:block/pump"},"elements":[{"from":[6.0,0.0,6.0],"to":[10.0,3.0,10.0],"faces":{"north":{"uv":[3.0,14.5,5.0,16.0],"texture":"#0"},"east":{"uv":[3.0,14.5,5.0,16.0],"texture":"#0"},"south":{"uv":[3.0,14.5,5.0,16.0],"texture":"#0"},"west":{"uv":[3.0,14.5,5.0,16.0],"texture":"#0"},"down":{"uv":[0.0,14.0,2.0,16.0],"texture":"#0"}}},{"from":[5.0,3.0,5.0],"to":[11.0,13.0,11.0],"faces":{"north":{"uv":[2.5,9.5,5.5,14.5],"texture":"#0"},"east":{"uv":[2.5,9.5,5.5,14.5],"texture":"#0"},"south":{"uv":[2.5,9.5,5.5,14.5],"texture":"#0"},"west":{"uv":[2.5,9.5,5.5,14.5],"texture":"#0"},"up":{"uv":[0.0,0.0,5.0,5.0],"texture":"#0"},"down":{"uv":[5.5,13.5,8.0,16.0],"texture":"#0"}}},{"from":[2.0,13.0,2.0],"to":[14.0,16.0,14.0],"faces":{"north":{"uv":[1.0,8.0,7.0,9.5],"texture":"#0"},"east":{"uv":[1.0,8.0,7.0,9.5],"texture":"#0"},"south":{"uv":[1.0,8.0,7.0,9.5],"texture":"#0"},"west":{"uv":[1.0,8.0,7.0,9.5],"texture":"#0"},"up":{"uv":[1.0,2.0,7.0,8.0],"texture":"#0"},"down":{"uv":[1.0,2.0,7.0,8.0],"texture":"#0"}}}]}