{"display":{"thirdperson_righthand":{"rotation":[75.0,45.0,0.0],"translation":[0.0,2.5,0.0],"scale":[0.375,0.375,0.375]},"thirdperson_lefthand":{"rotation":[75.0,45.0,0.0],"translation":[0.0,2.5,0.0],"scale":[0.375,0.375,0.375]},"firstperson_righthand":{"rotation":[0.0,135.0,0.0],"scale":[0.4,0.4,0.4]},"firstperson_lefthand":{"rotation":[0.0,135.0,0.0],"scale":[0.4,0.4,0.4]},"head":{"scale":[1.005,1.005,1.005]},"gui":{"rotation":[30.0,-135.0,0.0],"scale":[0.625,0.625,0.625]},"ground":{"translation":[0.0,3.0,0.0],"scale":[0.25,0.25,0.25]},"fixed":{"scale":[0.5,0.5,0.5]}}}