{"parent":"nova:block/base","textures":{"particle":"#side"},"elements":[{"from":[0.0,0.0,0.0],"to":[16.0,16.0,16.0],"faces":{"north":{"uv":[0.0,0.0,16.0,16.0],"texture":"#front","cullface":"north"},"east":{"uv":[0.0,0.0,16.0,16.0],"texture":"#side","cullface":"east"},"south":{"uv":[0.0,0.0,16.0,16.0],"texture":"#side","cullface":"south"},"west":{"uv":[0.0,0.0,16.0,16.0],"texture":"#side","cullface":"west"},"up":{"uv":[0.0,0.0,16.0,16.0],"texture":"#top","cullface":"up","rotation":180},"down":{"uv":[0.0,0.0,16.0,16.0],"texture":"#top","cullface":"down"}}}]}