{"parent":"nova:block/base","textures":{"particle":"#north"},"elements":[{"from":[0.0,0.0,0.0],"to":[16.0,16.0,16.0],"faces":{"north":{"uv":[0.0,0.0,16.0,16.0],"texture":"#north","cullface":"north"},"east":{"uv":[0.0,0.0,16.0,16.0],"texture":"#east","cullface":"east"},"south":{"uv":[0.0,0.0,16.0,16.0],"texture":"#south","cullface":"south"},"west":{"uv":[0.0,0.0,16.0,16.0],"texture":"#west","cullface":"west"},"up":{"uv":[0.0,0.0,16.0,16.0],"texture":"#up","cullface":"up","rotation":180},"down":{"uv":[0.0,0.0,16.0,16.0],"texture":"#down","cullface":"down"}}}]}