{"parent":"nova:block/base","elements":[{"from":[6.0,6.0,6.0],"to":[10.0,10.0,10.0],"faces":{"north":{"uv":[12.0,12.0,16.0,16.0],"texture":"#0"},"east":{"uv":[8.0,12.0,12.0,16.0],"texture":"#0"},"south":{"uv":[4.0,12.0,8.0,16.0],"texture":"#0"},"west":{"uv":[0.0,12.0,4.0,16.0],"texture":"#0"},"up":{"uv":[0.0,12.0,4.0,16.0],"texture":"#0"},"down":{"uv":[12.0,12.0,16.0,16.0],"texture":"#0"}}},{"from":[6.75,6.75,0.0],"to":[9.25,9.25,16.0],"faces":{"north":{"uv":[0.0,12.0,4.0,16.0],"texture":"#0","rotation":180},"east":{"uv":[0.0,0.0,16.0,3.0],"texture":"#0"},"south":{"uv":[0.0,12.0,4.0,16.0],"texture":"#0","rotation":180},"west":{"uv":[0.0,0.0,16.0,3.0],"texture":"#0"},"up":{"uv":[0.0,0.0,16.0,3.0],"texture":"#0","rotation":90},"down":{"uv":[0.0,0.0,16.0,3.0],"texture":"#0","rotation":90}}},{"from":[0.0,6.75,6.75],"to":[16.0,9.25,9.25],"faces":{"north":{"uv":[0.0,0.0,16.0,3.0],"texture":"#0"},"east":{"uv":[0.0,12.0,4.0,16.0],"texture":"#0","rotation":180},"south":{"uv":[0.0,0.0,16.0,3.0],"texture":"#0"},"west":{"uv":[0.0,12.0,4.0,16.0],"texture":"#0","rotation":180},"up":{"uv":[0.0,0.0,16.0,3.0],"texture":"#0","rotation":180},"down":{"uv":[0.0,0.0,16.0,3.0],"texture":"#0"}}},{"from":[6.75,0.0,6.75],"to":[9.25,16.0,9.25],"faces":{"north":{"uv":[0.0,0.0,16.0,3.0],"texture":"#0","rotation":90},"east":{"uv":[0.0,0.0,16.0,3.0],"texture":"#0","rotation":270},"south":{"uv":[0.0,0.0,16.0,3.0],"texture":"#0","rotation":270},"west":{"uv":[0.0,0.0,16.0,3.0],"texture":"#0","rotation":90},"up":{"uv":[0.0,12.0,4.0,16.0],"texture":"#0","rotation":90},"down":{"uv":[0.0,12.0,4.0,16.0],"texture":"#0","rotation":90}}}]}