{"parent":"minecraft:item/handheld","textures":{"layer0":"minecraft:item/wooden_sword"},"overrides":[{"predicate":{"custom_model_data":1},"model":"nova:generated/4"},{"predicate":{"custom_model_data":2},"model":"nova:generated/2287"},{"predicate":{"custom_model_data":3},"model":"nova:generated/2288"},{"predicate":{"custom_model_data":4},"model":"nova:generated/2289"},{"predicate":{"custom_model_data":5},"model":"nova:generated/2290"},{"predicate":{"custom_model_data":6},"model":"nova:generated/2291"},{"predicate":{"custom_model_data":7},"model":"machines:item/wind_turbine"},{"predicate":{"custom_model_data":8},"model":"machines:block/solar_panel"},{"predicate":{"custom_model_data":9},"model":"machines:block/lightning_exchanger"},{"predicate":{"custom_model_data":10},"model":"machines:block/furnace_generator_off"},{"predicate":{"custom_model_data":11},"model":"machines:block/lava_generator_off"},{"predicate":{"custom_model_data":12},"model":"machines:block/mechanical_press"},{"predicate":{"custom_model_data":13},"model":"machines:block/pulverizer"},{"predicate":{"custom_model_data":14},"model":"machines:block/electric_furnace_off"},{"predicate":{"custom_model_data":15},"model":"machines:block/block_placer"},{"predicate":{"custom_model_data":16},"model":"machines:block/block_breaker"},{"predicate":{"custom_model_data":17},"model":"machines:block/quarry"},{"predicate":{"custom_model_data":18},"model":"machines:block/charger"},{"predicate":{"custom_model_data":19},"model":"machines:block/wireless_charger"},{"predicate":{"custom_model_data":20},"model":"machines:block/auto_fisher"},{"predicate":{"custom_model_data":21},"model":"machines:block/breeder"},{"predicate":{"custom_model_data":22},"model":"machines:block/mob_killer"},{"predicate":{"custom_model_data":23},"model":"machines:block/mob_duplicator"},{"predicate":{"custom_model_data":24},"model":"machines:block/planter"},{"predicate":{"custom_model_data":25},"model":"machines:block/fertilizer"},{"predicate":{"custom_model_data":26},"model":"machines:block/harvester"},{"predicate":{"custom_model_data":27},"model":"machines:block/chunk_loader"},{"predicate":{"custom_model_data":28},"model":"machines:block/cobblestone_generator"},{"predicate":{"custom_model_data":29},"model":"machines:block/fluid_infuser"},{"predicate":{"custom_model_data":30},"model":"machines:block/freezer"},{"predicate":{"custom_model_data":31},"model":"machines:block/electric_brewing_stand"},{"predicate":{"custom_model_data":32},"model":"nova:generated/2"},{"predicate":{"custom_model_data":33},"model":"machines:block/pump"},{"predicate":{"custom_model_data":34},"model":"machines:block/star_collector"},{"predicate":{"custom_model_data":35},"model":"machines:block/crystallizer"},{"predicate":{"custom_model_data":36},"model":"machines:block/auto_crafter"},{"predicate":{"custom_model_data":37},"model":"nova:generated/1"},{"predicate":{"custom_model_data":38},"model":"machines:block/infinite_water_source"},{"predicate":{"custom_model_data":39},"model":"machines:block/machine_frame/basic"},{"predicate":{"custom_model_data":40},"model":"machines:block/machine_frame/advanced"},{"predicate":{"custom_model_data":41},"model":"machines:block/machine_frame/elite"},{"predicate":{"custom_model_data":42},"model":"machines:block/machine_frame/ultimate"},{"predicate":{"custom_model_data":43},"model":"machines:block/machine_frame/creative"},{"predicate":{"custom_model_data":44},"model":"machines:block/star_dust_block"},{"predicate":{"custom_model_data":45},"model":"machines:block/star_shards_ore"},{"predicate":{"custom_model_data":46},"model":"machines:block/deepslate_star_shards_ore"},{"predicate":{"custom_model_data":47},"model":"nova:generated/2298"},{"predicate":{"custom_model_data":48},"model":"nova:generated/2299"},{"predicate":{"custom_model_data":49},"model":"machines:block/netherite_drill"},{"predicate":{"custom_model_data":50},"model":"machines:item/scaffolding"},{"predicate":{"custom_model_data":51},"model":"nova:generated/2300"},{"predicate":{"custom_model_data":52},"model":"nova:generated/2301"},{"predicate":{"custom_model_data":53},"model":"nova:generated/2302"},{"predicate":{"custom_model_data":54},"model":"nova:generated/2303"},{"predicate":{"custom_model_data":55},"model":"nova:generated/2304"},{"predicate":{"custom_model_data":56},"model":"nova:generated/2305"},{"predicate":{"custom_model_data":57},"model":"nova:generated/2306"},{"predicate":{"custom_model_data":58},"model":"nova:generated/2307"},{"predicate":{"custom_model_data":59},"model":"nova:generated/2308"},{"predicate":{"custom_model_data":60},"model":"nova:generated/2309"},{"predicate":{"custom_model_data":61},"model":"nova:generated/2310"},{"predicate":{"custom_model_data":62},"model":"nova:generated/2311"},{"predicate":{"custom_model_data":63},"model":"nova:generated/2312"},{"predicate":{"custom_model_data":64},"model":"nova:generated/2313"},{"predicate":{"custom_model_data":65},"model":"nova:generated/2314"},{"predicate":{"custom_model_data":66},"model":"nova:generated/2315"},{"predicate":{"custom_model_data":67},"model":"nova:generated/2316"},{"predicate":{"custom_model_data":68},"model":"nova:generated/2317"},{"predicate":{"custom_model_data":69},"model":"nova:generated/2318"},{"predicate":{"custom_model_data":70},"model":"nova:generated/2319"},{"predicate":{"custom_model_data":71},"model":"nova:generated/2320"},{"predicate":{"custom_model_data":72},"model":"nova:generated/2321"},{"predicate":{"custom_model_data":73},"model":"nova:generated/2322"},{"predicate":{"custom_model_data":74},"model":"nova:generated/2323"},{"predicate":{"custom_model_data":75},"model":"nova:generated/2324"},{"predicate":{"custom_model_data":76},"model":"nova:generated/2325"},{"predicate":{"custom_model_data":77},"model":"machines:item/star_sword"},{"predicate":{"custom_model_data":78},"model":"machines:item/star_shovel"},{"predicate":{"custom_model_data":79},"model":"machines:item/star_pickaxe"},{"predicate":{"custom_model_data":80},"model":"machines:item/star_axe"},{"predicate":{"custom_model_data":81},"model":"machines:item/star_hoe"},{"predicate":{"custom_model_data":82},"model":"nova:generated/2326"},{"predicate":{"custom_model_data":83},"model":"nova:generated/2327"},{"predicate":{"custom_model_data":84},"model":"nova:generated/2328"},{"predicate":{"custom_model_data":85},"model":"nova:generated/2329"},{"predicate":{"custom_model_data":86},"model":"nova:generated/2330"},{"predicate":{"custom_model_data":87},"model":"nova:generated/2331"},{"predicate":{"custom_model_data":88},"model":"nova:generated/2332"},{"predicate":{"custom_model_data":89},"model":"nova:generated/2333"},{"predicate":{"custom_model_data":90},"model":"machines:block/tree_miniature/jungle"},{"predicate":{"custom_model_data":91},"model":"nova:generated/2334"},{"predicate":{"custom_model_data":92},"model":"nova:generated/2335"},{"predicate":{"custom_model_data":93},"model":"nova:generated/2336"},{"predicate":{"custom_model_data":94},"model":"machines:block/tree_miniature/crimson"},{"predicate":{"custom_model_data":95},"model":"machines:block/tree_miniature/warped"},{"predicate":{"custom_model_data":96},"model":"nova:generated/2337"},{"predicate":{"custom_model_data":97},"model":"nova:generated/2338"},{"predicate":{"custom_model_data":98},"model":"nova:generated/2339"},{"predicate":{"custom_model_data":99},"model":"nova:generated/2340"},{"predicate":{"custom_model_data":100},"model":"nova:generated/2341"},{"predicate":{"custom_model_data":101},"model":"nova:generated/2342"},{"predicate":{"custom_model_data":102},"model":"nova:generated/2343"},{"predicate":{"custom_model_data":103},"model":"nova:generated/2344"},{"predicate":{"custom_model_data":104},"model":"nova:generated/2345"},{"predicate":{"custom_model_data":105},"model":"nova:generated/2346"},{"predicate":{"custom_model_data":106},"model":"nova:generated/2347"},{"predicate":{"custom_model_data":107},"model":"nova:generated/2348"},{"predicate":{"custom_model_data":108},"model":"nova:generated/2349"},{"predicate":{"custom_model_data":109},"model":"nova:generated/2350"},{"predicate":{"custom_model_data":110},"model":"nova:generated/2351"},{"predicate":{"custom_model_data":111},"model":"nova:generated/2352"},{"predicate":{"custom_model_data":112},"model":"nova:generated/2353"},{"predicate":{"custom_model_data":113},"model":"nova:generated/2354"},{"predicate":{"custom_model_data":114},"model":"nova:generated/2355"},{"predicate":{"custom_model_data":115},"model":"nova:generated/2356"},{"predicate":{"custom_model_data":116},"model":"nova:generated/2357"},{"predicate":{"custom_model_data":117},"model":"nova:generated/2358"},{"predicate":{"custom_model_data":118},"model":"nova:generated/2359"},{"predicate":{"custom_model_data":119},"model":"nova:generated/2360"},{"predicate":{"custom_model_data":120},"model":"nova:generated/2361"},{"predicate":{"custom_model_data":121},"model":"nova:generated/2362"},{"predicate":{"custom_model_data":122},"model":"nova:generated/2363"},{"predicate":{"custom_model_data":123},"model":"nova:generated/2364"},{"predicate":{"custom_model_data":124},"model":"nova:generated/2365"},{"predicate":{"custom_model_data":125},"model":"nova:generated/2366"},{"predicate":{"custom_model_data":126},"model":"nova:generated/2367"},{"predicate":{"custom_model_data":127},"model":"nova:generated/2368"},{"predicate":{"custom_model_data":128},"model":"nova:generated/2369"},{"predicate":{"custom_model_data":129},"model":"nova:generated/2370"},{"predicate":{"custom_model_data":130},"model":"nova:generated/2371"},{"predicate":{"custom_model_data":131},"model":"nova:generated/2372"},{"predicate":{"custom_model_data":132},"model":"nova:generated/2373"},{"predicate":{"custom_model_data":133},"model":"nova:generated/2374"},{"predicate":{"custom_model_data":134},"model":"nova:generated/2375"},{"predicate":{"custom_model_data":135},"model":"nova:generated/2376"},{"predicate":{"custom_model_data":136},"model":"nova:generated/2377"},{"predicate":{"custom_model_data":137},"model":"nova:generated/2378"},{"predicate":{"custom_model_data":138},"model":"nova:generated/2379"},{"predicate":{"custom_model_data":139},"model":"nova:generated/2380"},{"predicate":{"custom_model_data":140},"model":"nova:generated/2381"},{"predicate":{"custom_model_data":141},"model":"nova:generated/2382"},{"predicate":{"custom_model_data":142},"model":"nova:generated/2383"},{"predicate":{"custom_model_data":143},"model":"nova:generated/2384"},{"predicate":{"custom_model_data":144},"model":"nova:generated/2385"},{"predicate":{"custom_model_data":145},"model":"nova:generated/2386"},{"predicate":{"custom_model_data":146},"model":"nova:generated/2387"},{"predicate":{"custom_model_data":147},"model":"nova:generated/2388"},{"predicate":{"custom_model_data":148},"model":"nova:generated/2389"},{"predicate":{"custom_model_data":149},"model":"nova:generated/2390"},{"predicate":{"custom_model_data":150},"model":"nova:generated/2391"},{"predicate":{"custom_model_data":151},"model":"nova:generated/2392"},{"predicate":{"custom_model_data":152},"model":"nova:generated/2393"},{"predicate":{"custom_model_data":153},"model":"nova:generated/2394"},{"predicate":{"custom_model_data":154},"model":"nova:generated/2395"},{"predicate":{"custom_model_data":155},"model":"nova:generated/2396"},{"predicate":{"custom_model_data":156},"model":"nova:generated/2397"},{"predicate":{"custom_model_data":157},"model":"nova:generated/2398"},{"predicate":{"custom_model_data":158},"model":"nova:generated/2399"},{"predicate":{"custom_model_data":159},"model":"nova:generated/2400"},{"predicate":{"custom_model_data":160},"model":"nova:generated/2401"},{"predicate":{"custom_model_data":161},"model":"nova:generated/2402"},{"predicate":{"custom_model_data":162},"model":"nova:generated/2403"},{"predicate":{"custom_model_data":163},"model":"nova:generated/2404"},{"predicate":{"custom_model_data":164},"model":"nova:generated/2405"},{"predicate":{"custom_model_data":165},"model":"nova:generated/2406"},{"predicate":{"custom_model_data":166},"model":"nova:generated/2407"},{"predicate":{"custom_model_data":167},"model":"nova:generated/2408"},{"predicate":{"custom_model_data":168},"model":"nova:generated/2409"},{"predicate":{"custom_model_data":169},"model":"nova:generated/2410"},{"predicate":{"custom_model_data":170},"model":"nova:generated/2411"},{"predicate":{"custom_model_data":171},"model":"nova:generated/2412"},{"predicate":{"custom_model_data":172},"model":"nova:generated/2413"},{"predicate":{"custom_model_data":173},"model":"nova:generated/2414"},{"predicate":{"custom_model_data":174},"model":"nova:generated/2415"},{"predicate":{"custom_model_data":175},"model":"nova:generated/2416"},{"predicate":{"custom_model_data":176},"model":"nova:generated/2417"},{"predicate":{"custom_model_data":177},"model":"nova:generated/2418"},{"predicate":{"custom_model_data":178},"model":"nova:generated/2419"},{"predicate":{"custom_model_data":179},"model":"nova:generated/2420"},{"predicate":{"custom_model_data":180},"model":"nova:generated/2421"},{"predicate":{"custom_model_data":181},"model":"nova:generated/2422"},{"predicate":{"custom_model_data":182},"model":"nova:generated/2423"},{"predicate":{"custom_model_data":183},"model":"nova:generated/2424"},{"predicate":{"custom_model_data":184},"model":"nova:generated/2425"},{"predicate":{"custom_model_data":185},"model":"nova:generated/2426"},{"predicate":{"custom_model_data":186},"model":"nova:generated/2427"},{"predicate":{"custom_model_data":187},"model":"nova:generated/2428"},{"predicate":{"custom_model_data":188},"model":"nova:generated/2429"},{"predicate":{"custom_model_data":189},"model":"nova:generated/2430"},{"predicate":{"custom_model_data":190},"model":"nova:generated/2431"},{"predicate":{"custom_model_data":191},"model":"nova:generated/2432"},{"predicate":{"custom_model_data":192},"model":"nova:generated/2433"},{"predicate":{"custom_model_data":193},"model":"nova:generated/2434"},{"predicate":{"custom_model_data":194},"model":"nova:generated/2435"},{"predicate":{"custom_model_data":195},"model":"nova:generated/2436"},{"predicate":{"custom_model_data":196},"model":"nova:generated/2437"},{"predicate":{"custom_model_data":197},"model":"nova:generated/2438"},{"predicate":{"custom_model_data":198},"model":"nova:generated/2439"},{"predicate":{"custom_model_data":199},"model":"nova:generated/2440"},{"predicate":{"custom_model_data":200},"model":"nova:generated/2441"},{"predicate":{"custom_model_data":201},"model":"nova:generated/2442"},{"predicate":{"custom_model_data":202},"model":"nova:generated/2443"},{"predicate":{"custom_model_data":203},"model":"nova:generated/2444"},{"predicate":{"custom_model_data":204},"model":"nova:generated/2445"},{"predicate":{"custom_model_data":205},"model":"nova:generated/2446"},{"predicate":{"custom_model_data":206},"model":"nova:generated/2447"},{"predicate":{"custom_model_data":207},"model":"nova:generated/2448"},{"predicate":{"custom_model_data":208},"model":"nova:generated/2449"},{"predicate":{"custom_model_data":209},"model":"nova:generated/2450"},{"predicate":{"custom_model_data":210},"model":"nova:generated/2451"},{"predicate":{"custom_model_data":211},"model":"nova:generated/2452"},{"predicate":{"custom_model_data":212},"model":"nova:generated/2453"},{"predicate":{"custom_model_data":213},"model":"nova:generated/2454"},{"predicate":{"custom_model_data":214},"model":"nova:generated/2455"},{"predicate":{"custom_model_data":215},"model":"nova:generated/2456"},{"predicate":{"custom_model_data":216},"model":"nova:generated/2457"},{"predicate":{"custom_model_data":217},"model":"nova:generated/2458"},{"predicate":{"custom_model_data":218},"model":"nova:generated/2459"},{"predicate":{"custom_model_data":219},"model":"nova:generated/2460"},{"predicate":{"custom_model_data":220},"model":"nova:generated/2461"},{"predicate":{"custom_model_data":221},"model":"nova:generated/2462"},{"predicate":{"custom_model_data":222},"model":"nova:generated/2463"},{"predicate":{"custom_model_data":223},"model":"nova:generated/2464"},{"predicate":{"custom_model_data":224},"model":"nova:generated/2465"},{"predicate":{"custom_model_data":225},"model":"nova:generated/2466"},{"predicate":{"custom_model_data":226},"model":"nova:generated/2467"},{"predicate":{"custom_model_data":227},"model":"nova:generated/2468"},{"predicate":{"custom_model_data":228},"model":"nova:generated/2469"},{"predicate":{"custom_model_data":229},"model":"nova:generated/2470"},{"predicate":{"custom_model_data":230},"model":"nova:generated/2471"},{"predicate":{"custom_model_data":231},"model":"nova:generated/2472"},{"predicate":{"custom_model_data":232},"model":"nova:generated/2473"},{"predicate":{"custom_model_data":233},"model":"nova:generated/2474"},{"predicate":{"custom_model_data":234},"model":"nova:generated/2475"},{"predicate":{"custom_model_data":235},"model":"nova:generated/2476"},{"predicate":{"custom_model_data":236},"model":"nova:generated/2477"},{"predicate":{"custom_model_data":237},"model":"nova:generated/2478"},{"predicate":{"custom_model_data":238},"model":"nova:generated/2479"},{"predicate":{"custom_model_data":239},"model":"nova:generated/2480"},{"predicate":{"custom_model_data":240},"model":"nova:generated/2481"},{"predicate":{"custom_model_data":241},"model":"nova:generated/2482"},{"predicate":{"custom_model_data":242},"model":"nova:generated/2483"},{"predicate":{"custom_model_data":243},"model":"nova:generated/2484"},{"predicate":{"custom_model_data":244},"model":"nova:generated/2485"},{"predicate":{"custom_model_data":245},"model":"nova:generated/2486"},{"predicate":{"custom_model_data":246},"model":"nova:generated/2487"},{"predicate":{"custom_model_data":247},"model":"nova:generated/2488"},{"predicate":{"custom_model_data":248},"model":"nova:generated/2489"},{"predicate":{"custom_model_data":249},"model":"nova:generated/2490"},{"predicate":{"custom_model_data":250},"model":"nova:generated/2491"},{"predicate":{"custom_model_data":251},"model":"nova:generated/2492"},{"predicate":{"custom_model_data":252},"model":"nova:generated/2493"},{"predicate":{"custom_model_data":253},"model":"nova:generated/2494"},{"predicate":{"custom_model_data":254},"model":"nova:generated/2495"},{"predicate":{"custom_model_data":255},"model":"nova:generated/2496"},{"predicate":{"custom_model_data":256},"model":"nova:generated/2497"},{"predicate":{"custom_model_data":257},"model":"nova:generated/2498"},{"predicate":{"custom_model_data":258},"model":"nova:generated/2499"},{"predicate":{"custom_model_data":259},"model":"nova:generated/2500"},{"predicate":{"custom_model_data":260},"model":"nova:generated/2501"},{"predicate":{"custom_model_data":261},"model":"nova:generated/2502"},{"predicate":{"custom_model_data":262},"model":"nova:generated/2503"},{"predicate":{"custom_model_data":263},"model":"nova:generated/2504"},{"predicate":{"custom_model_data":264},"model":"nova:generated/2505"},{"predicate":{"custom_model_data":265},"model":"nova:generated/2506"},{"predicate":{"custom_model_data":266},"model":"nova:generated/2507"},{"predicate":{"custom_model_data":267},"model":"nova:generated/2508"},{"predicate":{"custom_model_data":268},"model":"nova:generated/2509"},{"predicate":{"custom_model_data":269},"model":"nova:generated/2510"},{"predicate":{"custom_model_data":270},"model":"nova:generated/2511"},{"predicate":{"custom_model_data":271},"model":"nova:generated/2512"},{"predicate":{"custom_model_data":272},"model":"nova:generated/2513"},{"predicate":{"custom_model_data":273},"model":"nova:generated/2514"},{"predicate":{"custom_model_data":274},"model":"nova:generated/2515"},{"predicate":{"custom_model_data":275},"model":"nova:generated/2516"},{"predicate":{"custom_model_data":276},"model":"nova:generated/2517"},{"predicate":{"custom_model_data":277},"model":"nova:generated/2518"},{"predicate":{"custom_model_data":278},"model":"nova:generated/2519"},{"predicate":{"custom_model_data":279},"model":"nova:generated/2520"},{"predicate":{"custom_model_data":280},"model":"nova:generated/2521"},{"predicate":{"custom_model_data":281},"model":"nova:generated/2522"},{"predicate":{"custom_model_data":282},"model":"nova:generated/2523"},{"predicate":{"custom_model_data":283},"model":"nova:generated/2524"},{"predicate":{"custom_model_data":284},"model":"nova:generated/2525"},{"predicate":{"custom_model_data":285},"model":"nova:generated/2526"},{"predicate":{"custom_model_data":286},"model":"nova:generated/2527"},{"predicate":{"custom_model_data":287},"model":"nova:generated/2528"},{"predicate":{"custom_model_data":288},"model":"nova:generated/2529"},{"predicate":{"custom_model_data":289},"model":"nova:generated/2530"},{"predicate":{"custom_model_data":290},"model":"nova:generated/2531"},{"predicate":{"custom_model_data":291},"model":"nova:generated/2532"},{"predicate":{"custom_model_data":292},"model":"nova:generated/2533"},{"predicate":{"custom_model_data":293},"model":"nova:generated/2534"},{"predicate":{"custom_model_data":294},"model":"nova:generated/2535"},{"predicate":{"custom_model_data":295},"model":"nova:generated/2536"},{"predicate":{"custom_model_data":296},"model":"nova:generated/2537"},{"predicate":{"custom_model_data":297},"model":"nova:generated/2538"},{"predicate":{"custom_model_data":298},"model":"nova:generated/2539"},{"predicate":{"custom_model_data":299},"model":"nova:generated/2540"},{"predicate":{"custom_model_data":300},"model":"machines:block/star_collector/rod_on"},{"predicate":{"custom_model_data":301},"model":"machines:block/star_collector/rod_off"},{"predicate":{"custom_model_data":302},"model":"machines:block/wind_turbine/rotor_blade"},{"predicate":{"custom_model_data":303},"model":"machines:block/wind_turbine/rotor_middle"},{"predicate":{"custom_model_data":304},"model":"machines:block/scaffolding/full_horizontal"},{"predicate":{"custom_model_data":305},"model":"machines:block/scaffolding/full_vertical"},{"predicate":{"custom_model_data":306},"model":"machines:block/scaffolding/corner_down"},{"predicate":{"custom_model_data":307},"model":"machines:block/scaffolding/small_horizontal"},{"predicate":{"custom_model_data":308},"model":"machines:block/scaffolding/full_slim_vertical"},{"predicate":{"custom_model_data":309},"model":"machines:block/scaffolding/slim_vertical_down"},{"predicate":{"custom_model_data":310},"model":"machines:block/netherite_drill"}]}