{"parent":"nova:block/base","textures":{"2":"logistics:block/trash_can"},"elements":[{"from":[2.0,0.0,2.0],"to":[14.0,10.0,14.0],"rotation":{"angle":0.0,"axis":"y","origin":[8.0,8.0,8.0]},"faces":{"north":{"uv":[0.0,3.75,2.5,6.25],"texture":"#2"},"east":{"uv":[0.0,3.75,2.5,6.25],"texture":"#2"},"south":{"uv":[0.0,3.75,2.5,6.25],"texture":"#2"},"west":{"uv":[0.0,3.75,2.5,6.25],"texture":"#2"},"down":{"uv":[0.0,6.25,2.5,8.75],"texture":"#2","rotation":270}}},{"from":[1.0,10.0,1.0],"to":[15.0,14.0,15.0],"rotation":{"angle":0.0,"axis":"y","origin":[8.0,8.0,8.0]},"faces":{"north":{"uv":[0.0,3.0,3.0,3.75],"texture":"#2"},"east":{"uv":[0.0,3.0,3.0,3.75],"texture":"#2"},"south":{"uv":[0.0,3.0,3.0,3.75],"texture":"#2"},"west":{"uv":[0.0,3.0,3.0,3.75],"texture":"#2"},"up":{"uv":[0.0,0.0,3.0,3.0],"texture":"#2","rotation":180},"down":{"uv":[0.0,0.0,3.0,3.0],"texture":"#2","rotation":270}}},{"from":[5.0,14.0,6.75],"to":[11.0,15.5,9.25],"rotation":{"angle":0.0,"axis":"y","origin":[8.0,8.0,8.0]},"faces":{"north":{"uv":[3.0,0.5,4.5,0.75],"texture":"#2"},"east":{"uv":[3.0,0.75,3.5,1.0],"texture":"#2"},"south":{"uv":[3.0,0.5,4.5,0.75],"texture":"#2"},"west":{"uv":[3.0,0.75,3.5,1.0],"texture":"#2"},"up":{"uv":[3.0,0.0,4.5,0.5],"texture":"#2"}}}]}