{"parent":"nova:block/base","textures":{"1":"machines:block/quarry_scaffolding"},"elements":[{"from":[6.0,0.0,6.0],"to":[10.0,16.0,10.0],"rotation":{"angle":0.0,"axis":"x","origin":[8.0,8.0,8.0]},"faces":{"north":{"uv":[0.0,0.0,16.0,8.0],"texture":"#1","rotation":270},"east":{"uv":[0.0,0.0,16.0,8.0],"texture":"#1","rotation":90},"south":{"uv":[0.0,0.0,16.0,8.0],"texture":"#1","rotation":90},"west":{"uv":[0.0,0.0,16.0,8.0],"texture":"#1","rotation":270}}},{"from":[7.5,0.0,7.5],"to":[8.5,16.0,8.5],"rotation":{"angle":0.0,"axis":"x","origin":[8.0,8.0,8.0]},"faces":{"north":{"uv":[0.0,0.0,8.0,1.0],"texture":"#1","rotation":270},"east":{"uv":[0.0,0.0,8.0,1.0],"texture":"#1","rotation":90},"south":{"uv":[0.0,0.0,8.0,1.0],"texture":"#1","rotation":90},"west":{"uv":[0.0,0.0,8.0,1.0],"texture":"#1","rotation":270}}}]}