{"parent":"nova:block/base","textures":{"1":"machines:block/quarry_scaffolding"},"elements":[{"from":[7.0,7.0,0.0],"to":[9.0,9.0,4.0],"faces":{"east":{"uv":[0.0,0.0,2.0,1.0],"texture":"#1"},"west":{"uv":[0.0,0.0,2.0,1.0],"texture":"#1"},"up":{"uv":[0.0,0.0,2.0,1.0],"texture":"#1","rotation":90},"down":{"uv":[0.0,0.0,2.0,1.0],"texture":"#1","rotation":90}}},{"from":[4.0,4.0,0.0],"to":[12.0,12.0,4.0],"faces":{"east":{"uv":[0.0,0.0,4.0,8.0],"texture":"#1"},"west":{"uv":[0.0,0.0,4.0,8.0],"texture":"#1"},"up":{"uv":[0.0,0.0,4.0,8.0],"texture":"#1","rotation":90},"down":{"uv":[0.0,0.0,4.0,8.0],"texture":"#1","rotation":90}}}]}