{"parent":"nova:block/base","textures":{"0":"block/warped_stem","1":"block/warped_stem_top","2":"block/warped_wart_block","3":"block/shroomlight"},"elements":[{"from":[7.202,3.192,7.202],"to":[8.798,4.788,8.798],"faces":{"north":{"uv":[0.0,0.0,16.0,16.0],"texture":"#0"},"east":{"uv":[0.0,0.0,16.0,16.0],"texture":"#0"},"south":{"uv":[0.0,0.0,16.0,16.0],"texture":"#0"},"west":{"uv":[0.0,0.0,16.0,16.0],"texture":"#0"}}},{"from":[7.202,0.0,7.202],"to":[8.798,1.596,8.798],"faces":{"north":{"uv":[0.0,0.0,16.0,16.0],"texture":"#0"},"east":{"uv":[0.0,0.0,16.0,16.0],"texture":"#0"},"south":{"uv":[0.0,0.0,16.0,16.0],"texture":"#0"},"west":{"uv":[0.0,0.0,16.0,16.0],"texture":"#0"},"down":{"uv":[0.0,0.0,16.0,16.0],"texture":"#1"}}},{"from":[8.798,4.788,4.01],"to":[10.394,6.384,5.606],"faces":{"north":{"uv":[0.0,0.0,16.0,16.0],"texture":"#2"},"east":{"uv":[0.0,0.0,16.0,16.0],"texture":"#2"},"south":{"uv":[0.0,0.0,16.0,16.0],"texture":"#2"},"west":{"uv":[0.0,0.0,16.0,16.0],"texture":"#2"},"down":{"uv":[0.0,0.0,16.0,16.0],"texture":"#2"}}},{"from":[4.01,4.788,8.798],"to":[5.606,6.384,10.394],"faces":{"north":{"uv":[0.0,0.0,16.0,16.0],"texture":"#2"},"east":{"uv":[0.0,0.0,16.0,16.0],"texture":"#2"},"west":{"uv":[0.0,0.0,16.0,16.0],"texture":"#2"},"down":{"uv":[0.0,0.0,16.0,16.0],"texture":"#2"}}},{"from":[10.394,6.384,7.202],"to":[11.99,7.98,8.798],"faces":{"north":{"uv":[0.0,0.0,16.0,16.0],"texture":"#2"},"east":{"uv":[0.0,0.0,16.0,16.0],"texture":"#2"},"west":{"uv":[0.0,0.0,16.0,16.0],"texture":"#2"}}},{"from":[4.01,6.384,10.394],"to":[5.606,7.98,11.99],"faces":{"east":{"uv":[0.0,0.0,16.0,16.0],"texture":"#2"},"south":{"uv":[0.0,0.0,16.0,16.0],"texture":"#2"},"west":{"uv":[0.0,0.0,16.0,16.0],"texture":"#2"},"up":{"uv":[0.0,0.0,16.0,16.0],"texture":"#2"}}},{"from":[10.394,7.98,8.798],"to":[11.99,9.576,10.394],"faces":{"east":{"uv":[0.0,0.0,16.0,16.0],"texture":"#2"},"south":{"uv":[0.0,0.0,16.0,16.0],"texture":"#2"},"west":{"uv":[0.0,0.0,16.0,16.0],"texture":"#2"},"up":{"uv":[0.0,0.0,16.0,16.0],"texture":"#2"}}},{"from":[8.798,7.98,10.394],"to":[10.394,9.576,11.99],"faces":{"north":{"uv":[0.0,0.0,16.0,16.0],"texture":"#2"},"east":{"uv":[0.0,0.0,16.0,16.0],"texture":"#2"},"south":{"uv":[0.0,0.0,16.0,16.0],"texture":"#2"},"up":{"uv":[0.0,0.0,16.0,16.0],"texture":"#2"},"down":{"uv":[0.0,0.0,16.0,16.0],"texture":"#2"}}},{"from":[4.01,4.788,10.394],"to":[5.606,6.384,11.99],"faces":{"east":{"uv":[0.0,0.0,16.0,16.0],"texture":"#2"},"south":{"uv":[0.0,0.0,16.0,16.0],"texture":"#2"},"west":{"uv":[0.0,0.0,16.0,16.0],"texture":"#2"},"down":{"uv":[0.0,0.0,16.0,16.0],"texture":"#2"}}},{"from":[10.394,4.788,7.202],"to":[11.99,6.384,8.798],"faces":{"north":{"uv":[0.0,0.0,16.0,16.0],"texture":"#2"},"east":{"uv":[0.0,0.0,16.0,16.0],"texture":"#2"},"west":{"uv":[0.0,0.0,16.0,16.0],"texture":"#2"}}},{"from":[10.394,6.384,8.798],"to":[11.99,7.98,10.394],"faces":{"east":{"uv":[0.0,0.0,16.0,16.0],"texture":"#2"},"west":{"uv":[0.0,0.0,16.0,16.0],"texture":"#2"}}},{"from":[10.394,3.192,7.202],"to":[11.99,4.788,8.798],"faces":{"north":{"uv":[0.0,0.0,16.0,16.0],"texture":"#2"},"east":{"uv":[0.0,0.0,16.0,16.0],"texture":"#2"},"south":{"uv":[0.0,0.0,16.0,16.0],"texture":"#2"},"west":{"uv":[0.0,0.0,16.0,16.0],"texture":"#2"},"down":{"uv":[0.0,0.0,16.0,16.0],"texture":"#2"}}},{"from":[7.202,1.596,7.202],"to":[8.798,3.192,8.798],"faces":{"north":{"uv":[0.0,0.0,16.0,16.0],"texture":"#0"},"east":{"uv":[0.0,0.0,16.0,16.0],"texture":"#0"},"south":{"uv":[0.0,0.0,16.0,16.0],"texture":"#0"},"west":{"uv":[0.0,0.0,16.0,16.0],"texture":"#0"}}},{"from":[10.394,4.788,8.798],"to":[11.99,6.384,10.394],"faces":{"east":{"uv":[0.0,0.0,16.0,16.0],"texture":"#2"},"south":{"uv":[0.0,0.0,16.0,16.0],"texture":"#2"},"west":{"uv":[0.0,0.0,16.0,16.0],"texture":"#2"},"down":{"uv":[0.0,0.0,16.0,16.0],"texture":"#2"}}},{"from":[10.394,6.384,10.394],"to":[11.99,7.98,11.99],"faces":{"east":{"uv":[0.0,0.0,16.0,16.0],"texture":"#2"},"south":{"uv":[0.0,0.0,16.0,16.0],"texture":"#2"},"west":{"uv":[0.0,0.0,16.0,16.0],"texture":"#2"},"up":{"uv":[0.0,0.0,16.0,16.0],"texture":"#2"},"down":{"uv":[0.0,0.0,16.0,16.0],"texture":"#2"}}},{"from":[5.606,11.172,5.606],"to":[7.202,12.768,7.202],"faces":{"north":{"uv":[0.0,0.0,16.0,16.0],"texture":"#2"},"west":{"uv":[0.0,0.0,16.0,16.0],"texture":"#2"},"up":{"uv":[0.0,0.0,16.0,16.0],"texture":"#2"}}},{"from":[5.606,9.576,5.606],"to":[7.202,11.172,7.202],"faces":{"north":{"uv":[0.0,0.0,16.0,16.0],"texture":"#2"},"west":{"uv":[0.0,0.0,16.0,16.0],"texture":"#2"},"down":{"uv":[0.0,0.0,16.0,16.0],"texture":"#2"}}},{"from":[5.606,11.172,7.202],"to":[7.202,12.768,8.798],"faces":{"west":{"uv":[0.0,0.0,16.0,16.0],"texture":"#2"},"up":{"uv":[0.0,0.0,16.0,16.0],"texture":"#2"}}},{"from":[7.202,11.172,5.606],"to":[8.798,12.768,7.202],"faces":{"north":{"uv":[0.0,0.0,16.0,16.0],"texture":"#2"},"up":{"uv":[0.0,0.0,16.0,16.0],"texture":"#2"}}},{"from":[7.202,9.576,5.606],"to":[8.798,11.172,7.202],"faces":{"north":{"uv":[0.0,0.0,16.0,16.0],"texture":"#2"}}},{"from":[5.606,9.576,7.202],"to":[7.202,11.172,8.798],"faces":{"west":{"uv":[0.0,0.0,16.0,16.0],"texture":"#2"}}},{"from":[5.606,11.172,8.798],"to":[7.202,12.768,10.394],"faces":{"south":{"uv":[0.0,0.0,16.0,16.0],"texture":"#2"},"west":{"uv":[0.0,0.0,16.0,16.0],"texture":"#2"},"up":{"uv":[0.0,0.0,16.0,16.0],"texture":"#2"}}},{"from":[7.202,7.98,5.606],"to":[8.798,9.576,7.202],"faces":{"east":{"uv":[0.0,0.0,16.0,16.0],"texture":"#2"},"west":{"uv":[0.0,0.0,16.0,16.0],"texture":"#2"},"down":{"uv":[0.0,0.0,16.0,16.0],"texture":"#2"}}},{"from":[8.798,11.172,5.606],"to":[10.394,12.768,7.202],"faces":{"north":{"uv":[0.0,0.0,16.0,16.0],"texture":"#2"},"east":{"uv":[0.0,0.0,16.0,16.0],"texture":"#2"},"up":{"uv":[0.0,0.0,16.0,16.0],"texture":"#2"}}},{"from":[5.606,7.98,4.01],"to":[7.202,9.576,5.606],"faces":{"north":{"uv":[0.0,0.0,16.0,16.0],"texture":"#2"},"south":{"uv":[0.0,0.0,16.0,16.0],"texture":"#2"},"up":{"uv":[0.0,0.0,16.0,16.0],"texture":"#2"},"down":{"uv":[0.0,0.0,16.0,16.0],"texture":"#2"}}},{"from":[5.606,7.98,7.202],"to":[7.202,9.576,8.798],"faces":{"north":{"uv":[0.0,0.0,16.0,16.0],"texture":"#2"},"south":{"uv":[0.0,0.0,16.0,16.0],"texture":"#2"},"down":{"uv":[0.0,0.0,16.0,16.0],"texture":"#2"}}},{"from":[4.01,7.98,5.606],"to":[5.606,9.576,7.202],"faces":{"east":{"uv":[0.0,0.0,16.0,16.0],"texture":"#2"},"west":{"uv":[0.0,0.0,16.0,16.0],"texture":"#2"},"up":{"uv":[0.0,0.0,16.0,16.0],"texture":"#2"}}},{"from":[8.798,9.576,5.606],"to":[10.394,11.172,7.202],"faces":{"north":{"uv":[0.0,0.0,16.0,16.0],"texture":"#2"},"east":{"uv":[0.0,0.0,16.0,16.0],"texture":"#2"},"down":{"uv":[0.0,0.0,16.0,16.0],"texture":"#2"}}},{"from":[4.01,6.384,5.606],"to":[5.606,7.98,7.202],"faces":{"north":{"uv":[0.0,0.0,16.0,16.0],"texture":"#2"},"east":{"uv":[0.0,0.0,16.0,16.0],"texture":"#2"},"south":{"uv":[0.0,0.0,16.0,16.0],"texture":"#2"},"west":{"uv":[0.0,0.0,16.0,16.0],"texture":"#2"}}},{"from":[5.606,9.576,8.798],"to":[7.202,11.172,10.394],"faces":{"south":{"uv":[0.0,0.0,16.0,16.0],"texture":"#2"},"west":{"uv":[0.0,0.0,16.0,16.0],"texture":"#2"},"down":{"uv":[0.0,0.0,16.0,16.0],"texture":"#2"}}},{"from":[7.202,11.172,7.202],"to":[8.798,12.768,8.798],"faces":{"up":{"uv":[0.0,0.0,16.0,16.0],"texture":"#2"}}},{"from":[4.01,4.788,5.606],"to":[5.606,6.384,7.202],"faces":{"north":{"uv":[0.0,0.0,16.0,16.0],"texture":"#2"},"east":{"uv":[0.0,0.0,16.0,16.0],"texture":"#2"},"south":{"uv":[0.0,0.0,16.0,16.0],"texture":"#2"},"west":{"uv":[0.0,0.0,16.0,16.0],"texture":"#2"}}},{"from":[10.394,7.98,5.606],"to":[11.99,9.576,7.202],"faces":{"east":{"uv":[0.0,0.0,16.0,16.0],"texture":"#2"},"west":{"uv":[0.0,0.0,16.0,16.0],"texture":"#2"},"up":{"uv":[0.0,0.0,16.0,16.0],"texture":"#2"},"down":{"uv":[0.0,0.0,16.0,16.0],"texture":"#2"}}},{"from":[7.202,7.98,4.01],"to":[8.798,9.576,5.606],"faces":{"north":{"uv":[0.0,0.0,16.0,16.0],"texture":"#2"},"up":{"uv":[0.0,0.0,16.0,16.0],"texture":"#2"},"down":{"uv":[0.0,0.0,16.0,16.0],"texture":"#2"}}},{"from":[8.798,11.172,7.202],"to":[10.394,12.768,8.798],"faces":{"east":{"uv":[0.0,0.0,16.0,16.0],"texture":"#2"},"up":{"uv":[0.0,0.0,16.0,16.0],"texture":"#2"}}},{"from":[5.606,7.98,10.394],"to":[7.202,9.576,11.99],"faces":{"north":{"uv":[0.0,0.0,16.0,16.0],"texture":"#2"},"south":{"uv":[0.0,0.0,16.0,16.0],"texture":"#2"},"west":{"uv":[0.0,0.0,16.0,16.0],"texture":"#2"},"up":{"uv":[0.0,0.0,16.0,16.0],"texture":"#2"},"down":{"uv":[0.0,0.0,16.0,16.0],"texture":"#2"}}},{"from":[4.01,7.98,4.01],"to":[5.606,9.576,5.606],"faces":{"north":{"uv":[0.0,0.0,16.0,16.0],"texture":"#2"},"west":{"uv":[0.0,0.0,16.0,16.0],"texture":"#2"},"up":{"uv":[0.0,0.0,16.0,16.0],"texture":"#2"},"down":{"uv":[0.0,0.0,16.0,16.0],"texture":"#2"}}},{"from":[4.01,7.98,7.202],"to":[5.606,9.576,8.798],"faces":{"west":{"uv":[0.0,0.0,16.0,16.0],"texture":"#2"},"up":{"uv":[0.0,0.0,16.0,16.0],"texture":"#2"},"down":{"uv":[0.0,0.0,16.0,16.0],"texture":"#2"}}},{"from":[7.202,11.172,8.798],"to":[8.798,12.768,10.394],"faces":{"south":{"uv":[0.0,0.0,16.0,16.0],"texture":"#2"},"up":{"uv":[0.0,0.0,16.0,16.0],"texture":"#2"}}},{"from":[7.202,6.384,7.202],"to":[8.798,7.98,8.798],"faces":{"north":{"uv":[0.0,0.0,16.0,16.0],"texture":"#0"},"east":{"uv":[0.0,0.0,16.0,16.0],"texture":"#0"},"south":{"uv":[0.0,0.0,16.0,16.0],"texture":"#0"},"west":{"uv":[0.0,0.0,16.0,16.0],"texture":"#0"}}},{"from":[4.01,3.192,5.606],"to":[5.606,4.788,7.202],"faces":{"north":{"uv":[0.0,0.0,16.0,16.0],"texture":"#2"},"east":{"uv":[0.0,0.0,16.0,16.0],"texture":"#2"},"south":{"uv":[0.0,0.0,16.0,16.0],"texture":"#2"},"west":{"uv":[0.0,0.0,16.0,16.0],"texture":"#2"},"down":{"uv":[0.0,0.0,16.0,16.0],"texture":"#2"}}},{"from":[8.798,9.576,7.202],"to":[10.394,11.172,8.798],"faces":{"east":{"uv":[0.0,0.0,16.0,16.0],"texture":"#2"}}},{"from":[7.202,9.576,8.798],"to":[8.798,11.172,10.394],"faces":{"south":{"uv":[0.0,0.0,16.0,16.0],"texture":"#2"}}},{"from":[8.798,7.98,7.202],"to":[10.394,9.576,8.798],"faces":{"north":{"uv":[0.0,0.0,16.0,16.0],"texture":"#3"},"south":{"uv":[0.0,0.0,16.0,16.0],"texture":"#3"},"down":{"uv":[0.0,0.0,16.0,16.0],"texture":"#3"}}},{"from":[8.798,7.98,4.01],"to":[10.394,9.576,5.606],"faces":{"north":{"uv":[0.0,0.0,16.0,16.0],"texture":"#2"},"south":{"uv":[0.0,0.0,16.0,16.0],"texture":"#2"},"up":{"uv":[0.0,0.0,16.0,16.0],"texture":"#2"}}},{"from":[7.202,7.98,8.798],"to":[8.798,9.576,10.394],"faces":{"east":{"uv":[0.0,0.0,16.0,16.0],"texture":"#3"},"west":{"uv":[0.0,0.0,16.0,16.0],"texture":"#3"},"down":{"uv":[0.0,0.0,16.0,16.0],"texture":"#3"}}},{"from":[8.798,11.172,8.798],"to":[10.394,12.768,10.394],"faces":{"east":{"uv":[0.0,0.0,16.0,16.0],"texture":"#2"},"south":{"uv":[0.0,0.0,16.0,16.0],"texture":"#2"},"up":{"uv":[0.0,0.0,16.0,16.0],"texture":"#2"}}},{"from":[4.01,7.98,8.798],"to":[5.606,9.576,10.394],"faces":{"east":{"uv":[0.0,0.0,16.0,16.0],"texture":"#2"},"south":{"uv":[0.0,0.0,16.0,16.0],"texture":"#2"},"west":{"uv":[0.0,0.0,16.0,16.0],"texture":"#2"},"up":{"uv":[0.0,0.0,16.0,16.0],"texture":"#2"}}},{"from":[8.798,6.384,4.01],"to":[10.394,7.98,5.606],"faces":{"north":{"uv":[0.0,0.0,16.0,16.0],"texture":"#2"},"east":{"uv":[0.0,0.0,16.0,16.0],"texture":"#2"},"south":{"uv":[0.0,0.0,16.0,16.0],"texture":"#2"},"west":{"uv":[0.0,0.0,16.0,16.0],"texture":"#2"}}},{"from":[7.202,4.788,7.202],"to":[8.798,6.384,8.798],"faces":{"north":{"uv":[0.0,0.0,16.0,16.0],"texture":"#0"},"east":{"uv":[0.0,0.0,16.0,16.0],"texture":"#0"},"south":{"uv":[0.0,0.0,16.0,16.0],"texture":"#0"},"west":{"uv":[0.0,0.0,16.0,16.0],"texture":"#0"}}},{"from":[8.798,9.576,8.798],"to":[10.394,11.172,10.394],"faces":{"east":{"uv":[0.0,0.0,16.0,16.0],"texture":"#2"},"south":{"uv":[0.0,0.0,16.0,16.0],"texture":"#2"},"down":{"uv":[0.0,0.0,16.0,16.0],"texture":"#2"}}},{"from":[4.01,6.384,8.798],"to":[5.606,7.98,10.394],"faces":{"north":{"uv":[0.0,0.0,16.0,16.0],"texture":"#2"},"east":{"uv":[0.0,0.0,16.0,16.0],"texture":"#2"},"west":{"uv":[0.0,0.0,16.0,16.0],"texture":"#2"}}},{"from":[10.394,7.98,4.01],"to":[11.99,9.576,5.606],"faces":{"north":{"uv":[0.0,0.0,16.0,16.0],"texture":"#2"},"east":{"uv":[0.0,0.0,16.0,16.0],"texture":"#2"},"up":{"uv":[0.0,0.0,16.0,16.0],"texture":"#2"},"down":{"uv":[0.0,0.0,16.0,16.0],"texture":"#2"}}},{"from":[10.394,7.98,7.202],"to":[11.99,9.576,8.798],"faces":{"east":{"uv":[0.0,0.0,16.0,16.0],"texture":"#2"},"up":{"uv":[0.0,0.0,16.0,16.0],"texture":"#2"}}},{"from":[7.202,7.98,10.394],"to":[8.798,9.576,11.99],"faces":{"south":{"uv":[0.0,0.0,16.0,16.0],"texture":"#2"},"up":{"uv":[0.0,0.0,16.0,16.0],"texture":"#2"},"down":{"uv":[0.0,0.0,16.0,16.0],"texture":"#2"}}}]}