{"providers":[{"type":"bitmap","file":"nova:font/waila/2/start.png","height":40,"ascent":0,"chars":[""]},{"type":"bitmap","file":"nova:font/waila/2/part.png","height":40,"ascent":0,"chars":[""]},{"type":"bitmap","file":"nova:font/waila/2/end.png","height":40,"ascent":0,"chars":[""]},{"type":"bitmap","file":"nova:font/waila/3/start.png","height":44,"ascent":0,"chars":[""]},{"type":"bitmap","file":"nova:font/waila/3/part.png","height":44,"ascent":0,"chars":[""]},{"type":"bitmap","file":"nova:font/waila/3/end.png","height":44,"ascent":0,"chars":[""]},{"type":"bitmap","file":"nova:font/waila/4/start.png","height":56,"ascent":0,"chars":[""]},{"type":"bitmap","file":"nova:font/waila/4/part.png","height":56,"ascent":0,"chars":[""]},{"type":"bitmap","file":"nova:font/waila/4/end.png","height":56,"ascent":0,"chars":[""]},{"type":"bitmap","file":"nova:font/waila/5/start.png","height":68,"ascent":0,"chars":[""]},{"type":"bitmap","file":"nova:font/waila/5/part.png","height":68,"ascent":0,"chars":[""]},{"type":"bitmap","file":"nova:font/waila/5/end.png","height":68,"ascent":0,"chars":[""]},{"type":"bitmap","file":"nova:font/waila/6/start.png","height":80,"ascent":0,"chars":[""]},{"type":"bitmap","file":"nova:font/waila/6/part.png","height":80,"ascent":0,"chars":[""]},{"type":"bitmap","file":"nova:font/waila/6/end.png","height":80,"ascent":0,"chars":[""]},{"type":"bitmap","file":"nova:font/waila/7/start.png","height":92,"ascent":0,"chars":[""]},{"type":"bitmap","file":"nova:font/waila/7/part.png","height":92,"ascent":0,"chars":[""]},{"type":"bitmap","file":"nova:font/waila/7/end.png","height":92,"ascent":0,"chars":[""]},{"type":"bitmap","file":"nova:font/waila/8/start.png","height":104,"ascent":0,"chars":[""]},{"type":"bitmap","file":"nova:font/waila/8/part.png","height":104,"ascent":0,"chars":[""]},{"type":"bitmap","file":"nova:font/waila/8/end.png","height":104,"ascent":0,"chars":[""]},{"type":"bitmap","file":"nova:font/waila/9/start.png","height":116,"ascent":0,"chars":[""]},{"type":"bitmap","file":"nova:font/waila/9/part.png","height":116,"ascent":0,"chars":[""]},{"type":"bitmap","file":"nova:font/waila/9/end.png","height":116,"ascent":0,"chars":[""]},{"type":"bitmap","file":"nova:font/waila/10/start.png","height":128,"ascent":0,"chars":[""]},{"type":"bitmap","file":"nova:font/waila/10/part.png","height":128,"ascent":0,"chars":[""]},{"type":"bitmap","file":"nova:font/waila/10/end.png","height":128,"ascent":0,"chars":[""]}]}