{"parent":"nova:block/base","textures":{"2":"machines:block/machine_side","3":"block/glass","4":"block/dirt","5":"block/terracotta","6":"block/anvil","8":"machines:block/tree_factory_canister","9":"machines:block/tree_factory_back","10":"machines:block/tree_factory_foliage"},"elements":[{"from":[1.0,1.0,0.0],"to":[15.0,15.0,1.0],"rotation":{"angle":0.0,"axis":"y","origin":[8.0,8.0,8.0]},"faces":{"north":{"uv":[1.0,1.0,15.0,15.0],"texture":"#3"}}},{"from":[0.0,1.0,1.0],"to":[1.0,15.0,15.0],"rotation":{"angle":0.0,"axis":"y","origin":[8.0,8.0,8.0]},"faces":{"west":{"uv":[1.0,1.0,15.0,15.0],"texture":"#3"}}},{"from":[15.0,1.0,1.0],"to":[16.0,15.0,15.0],"rotation":{"angle":0.0,"axis":"y","origin":[8.0,8.0,8.0]},"faces":{"east":{"uv":[1.0,1.0,15.0,15.0],"texture":"#3"}}},{"from":[1.0,15.0,1.0],"to":[15.0,16.0,15.0],"rotation":{"angle":0.0,"axis":"y","origin":[8.0,8.0,8.0]},"faces":{"up":{"uv":[1.0,1.0,15.0,15.0],"texture":"#3","rotation":180}}},{"from":[1.0,15.0,0.0],"to":[15.0,16.0,1.0],"faces":{"north":{"uv":[1.0,15.0,15.0,16.0],"texture":"#2"},"south":{"uv":[1.0,15.0,15.0,16.0],"texture":"#2"},"up":{"uv":[1.0,0.0,15.0,1.0],"texture":"#9"},"down":{"uv":[1.0,15.0,15.0,16.0],"texture":"#2"}}},{"from":[1.0,0.0,0.0],"to":[15.0,1.0,1.0],"faces":{"north":{"uv":[1.0,15.0,15.0,16.0],"texture":"#2"},"south":{"uv":[1.0,15.0,15.0,16.0],"texture":"#2"},"up":{"uv":[1.0,15.0,15.0,16.0],"texture":"#2"},"down":{"uv":[1.0,15.0,15.0,16.0],"texture":"#2"}}},{"from":[0.0,15.0,1.0],"to":[1.0,16.0,15.0],"faces":{"east":{"uv":[15.0,1.0,16.0,15.0],"texture":"#2","rotation":90},"west":{"uv":[15.0,1.0,16.0,15.0],"texture":"#2","rotation":90},"up":{"uv":[1.0,0.0,15.0,1.0],"texture":"#9","rotation":90},"down":{"uv":[15.0,1.0,16.0,15.0],"texture":"#2"}}},{"from":[15.0,15.0,1.0],"to":[16.0,16.0,15.0],"faces":{"east":{"uv":[0.0,1.0,1.0,15.0],"texture":"#2","rotation":90},"west":{"uv":[0.0,1.0,1.0,15.0],"texture":"#2","rotation":90},"up":{"uv":[1.0,0.0,15.0,1.0],"texture":"#9","rotation":90},"down":{"uv":[0.0,1.0,1.0,15.0],"texture":"#2"}}},{"from":[0.0,0.0,1.0],"to":[1.0,1.0,15.0],"faces":{"east":{"uv":[15.0,1.0,16.0,15.0],"texture":"#2","rotation":90},"west":{"uv":[15.0,1.0,16.0,15.0],"texture":"#2","rotation":90},"up":{"uv":[15.0,1.0,16.0,15.0],"texture":"#2"},"down":{"uv":[15.0,1.0,16.0,15.0],"texture":"#2"}}},{"from":[15.0,0.0,1.0],"to":[16.0,1.0,15.0],"faces":{"east":{"uv":[0.0,1.0,1.0,15.0],"texture":"#2","rotation":90},"west":{"uv":[0.0,1.0,1.0,15.0],"texture":"#2","rotation":90},"up":{"uv":[0.0,1.0,1.0,15.0],"texture":"#2"},"down":{"uv":[0.0,1.0,1.0,15.0],"texture":"#2"}}},{"from":[15.0,0.0,0.0],"to":[16.0,16.0,1.0],"faces":{"north":{"uv":[0.0,0.0,1.0,16.0],"texture":"#2"},"east":{"uv":[0.0,0.0,1.0,16.0],"texture":"#2"},"south":{"uv":[0.0,0.0,1.0,16.0],"texture":"#2"},"west":{"uv":[0.0,0.0,1.0,16.0],"texture":"#2"},"up":{"uv":[0.0,15.0,1.0,16.0],"texture":"#2"},"down":{"uv":[0.0,15.0,1.0,16.0],"texture":"#2"}}},{"from":[0.0,0.0,0.0],"to":[1.0,16.0,1.0],"faces":{"north":{"uv":[15.0,0.0,16.0,16.0],"texture":"#2"},"east":{"uv":[15.0,0.0,16.0,16.0],"texture":"#2"},"south":{"uv":[15.0,0.0,16.0,16.0],"texture":"#2"},"west":{"uv":[15.0,0.0,16.0,16.0],"texture":"#2"},"up":{"uv":[15.0,15.0,16.0,16.0],"texture":"#2"},"down":{"uv":[15.0,15.0,16.0,16.0],"texture":"#2"}}},{"from":[1.0,0.0,1.0],"to":[15.0,1.0,15.0],"faces":{"up":{"uv":[1.0,1.0,15.0,15.0],"texture":"#2"},"down":{"uv":[1.0,1.0,15.0,15.0],"texture":"#2"}}},{"from":[0.0,0.0,15.0],"to":[16.0,16.0,16.0],"faces":{"north":{"uv":[0.0,0.0,16.0,16.0],"texture":"#2"},"east":{"uv":[0.0,0.0,1.0,16.0],"texture":"#2"},"south":{"uv":[0.0,0.0,16.0,16.0],"texture":"#9"},"west":{"uv":[15.0,0.0,16.0,16.0],"texture":"#2"},"up":{"uv":[0.0,0.0,16.0,1.0],"texture":"#9"},"down":{"uv":[0.0,0.0,16.0,1.0],"texture":"#9"}}},{"from":[2.0,1.0,2.0],"to":[14.0,2.0,3.0],"faces":{"north":{"uv":[3.0,0.0,15.0,1.0],"texture":"#5"},"east":{"uv":[0.0,0.0,1.0,1.0],"texture":"#5"},"south":{"uv":[0.0,0.0,12.0,1.0],"texture":"#5"},"west":{"uv":[0.0,0.0,1.0,1.0],"texture":"#5"},"up":{"uv":[0.0,0.0,12.0,1.0],"texture":"#5"}}},{"from":[2.0,1.0,13.0],"to":[14.0,2.0,14.0],"faces":{"north":{"uv":[0.0,0.0,12.0,1.0],"texture":"#5"},"east":{"uv":[0.0,0.0,1.0,1.0],"texture":"#5"},"south":{"uv":[0.0,0.0,12.0,1.0],"texture":"#5"},"west":{"uv":[0.0,0.0,1.0,1.0],"texture":"#5"},"up":{"uv":[0.0,0.0,12.0,1.0],"texture":"#5"}}},{"from":[13.0,1.0,3.0],"to":[14.0,2.0,13.0],"faces":{"east":{"uv":[0.0,0.0,10.0,1.0],"texture":"#5"},"west":{"uv":[0.0,0.0,10.0,1.0],"texture":"#5"},"up":{"uv":[0.0,0.0,1.0,10.0],"texture":"#5"}}},{"from":[2.0,1.0,3.0],"to":[3.0,2.0,13.0],"faces":{"east":{"uv":[0.0,0.0,10.0,1.0],"texture":"#5"},"west":{"uv":[0.0,0.0,10.0,1.0],"texture":"#5"},"up":{"uv":[0.0,0.0,1.0,10.0],"texture":"#5"}}},{"from":[3.0,1.0999999999999996,3.0],"to":[13.0,1.0999999999999996,13.0],"faces":{"up":{"uv":[3.0,3.0,13.0,13.0],"texture":"#4"}}},{"from":[2.0,12.0,12.0],"to":[14.0,15.0,15.0],"faces":{"north":{"uv":[1.0,3.0,15.0,7.0],"texture":"#8"},"east":{"uv":[0.0,12.0,4.0,16.0],"texture":"#8"},"south":{"uv":[1.0,3.0,15.0,7.0],"texture":"#8"},"west":{"uv":[12.0,12.0,16.0,16.0],"texture":"#8"},"up":{"uv":[1.0,0.0,15.0,4.0],"texture":"#8"},"down":{"uv":[1.0,8.0,15.0,12.0],"texture":"#8"}}},{"from":[3.0,11.0,12.0],"to":[6.0,12.0,15.0],"faces":{"north":{"uv":[0.0,0.0,3.0,1.0],"texture":"#6"},"east":{"uv":[12.0,1.0,15.0,2.0],"texture":"#6"},"west":{"uv":[12.0,1.0,15.0,2.0],"texture":"#6"},"up":{"uv":[13.0,0.0,16.0,3.0],"texture":"#2"},"down":{"uv":[1.0,1.0,4.0,4.0],"texture":"#6"}}},{"from":[10.0,11.0,12.0],"to":[13.0,12.0,15.0],"faces":{"north":{"uv":[0.0,0.0,3.0,1.0],"texture":"#6"},"east":{"uv":[12.0,1.0,15.0,2.0],"texture":"#6"},"west":{"uv":[12.0,1.0,15.0,2.0],"texture":"#6"},"up":{"uv":[13.0,0.0,16.0,3.0],"texture":"#2"},"down":{"uv":[1.0,1.0,4.0,4.0],"texture":"#6"}}},{"from":[16.25,0.0,0.0],"to":[16.25,16.0,16.0],"rotation":{"angle":0.0,"axis":"y","origin":[8.0,8.0,8.0]},"faces":{"east":{"uv":[0.0,0.0,16.0,16.0],"texture":"#10"},"west":{"uv":[16.0,0.0,0.0,16.0],"texture":"#10"}}},{"from":[0.0,0.0,16.25],"to":[16.0,16.0,16.25],"rotation":{"angle":0.0,"axis":"y","origin":[8.0,8.0,8.0]},"faces":{"south":{"uv":[0.0,0.0,16.0,16.0],"texture":"#10"}}},{"from":[-0.25,0.0,0.0],"to":[-0.25,16.0,16.0],"rotation":{"angle":0.0,"axis":"y","origin":[8.0,8.0,8.0]},"faces":{"east":{"uv":[16.0,0.0,0.0,16.0],"texture":"#10"},"west":{"uv":[0.0,0.0,16.0,16.0],"texture":"#10"}}}]}