{"parent":"nova:item/gui_item","textures":{"0":"nova:item/gui/bar/background","1":"nova:item/gui/bar/color_-1376256_level_4","2":"nova:item/gui/bar/overlay","background":"nova:item/gui/inventory_part"},"elements":[{"from":[-1.0,-1.0,-1.0],"to":[17.0,17.0,-1.0],"faces":{"south":{"uv":[0.0,0.0,16.0,16.0],"texture":"#background","tintindex":0}}},{"from":[-1.0,-1.0,0.0],"to":[17.0,17.0,0.0],"faces":{"south":{"uv":[0.0,0.0,9.0,9.0],"texture":"#0","tintindex":0}}},{"from":[-1.0,-1.0,0.33333333333333304],"to":[17.0,17.0,0.33333333333333304],"faces":{"south":{"uv":[0.0,0.0,9.0,9.0],"texture":"#1","tintindex":0}}},{"from":[-1.0,-1.0,0.666666666666667],"to":[17.0,17.0,0.666666666666667],"faces":{"south":{"uv":[0.0,0.0,9.0,9.0],"texture":"#2","tintindex":0}}}]}